Date,Tracking Number,Block ID
2025-08-14,296,3-6
2025-08-15,296,3-6
2025-08-19,296,3-6
2025-08-20,296,3-6
2025-08-25,296,3-6
2025-08-26,296,3-6
2025-08-27,296,3-6
2025-08-28,296,3-6
2025-08-29,296,3-6
2025-09-09,288,3-30
2025-09-09,289,4-15
2025-09-09,290,4-17
2025-09-10,288,2-17
2025-09-10,289,4-17
2025-09-10,290,3-30
2025-09-11,290,4-17
2025-09-12,289,3-30
2025-09-12,290,4-17
2025-09-15,288,4-17
2025-09-15,289,3-30
2025-09-15,290,2-17
2025-09-16,288,2-17
2025-09-16,289,4-17
2025-09-16,290,3-30
2025-09-17,289,3-30
2025-09-17,290,4-17
2025-09-18,290,2-17
2025-09-19,289,4-17
2025-09-19,290,3-30
2025-09-22,289,4-17
2025-09-22,290,3-30
2025-09-23,289,4-17
2025-09-23,290,3-30
2025-09-24,290,4-17
2025-09-26,288,4-15
2025-09-26,289,3-30
2025-09-26,290,4-17
2025-10-09,289,3-30
2025-10-09,290,4-17
2025-10-14,289,3-30
2025-10-14,290,4-17
2025-10-15,289,3-30
2025-10-15,290,4-17
2025-10-17,290,3-30
2025-10-21,288,4-17
2025-10-21,290,3-30
2025-10-22,288,4-17
2025-10-23,288,4-17
2025-10-23,289,3-30
2025-10-27,288,4-17
2025-10-27,289,3-30
2025-10-28,288,4-17
2025-10-28,289,3-30
2025-10-29,288,4-17
2025-10-29,289,3-30
2025-10-30,288,4-17
2025-10-30,289,3-30
2025-10-31,288,4-17
2025-10-31,289,3-30
2025-11-03,288,4-17
2025-11-03,290,3-30
2025-11-05,288,4-17
2025-11-07,288,3-30
2025-11-10,289,4-17
2025-11-12,289,3-30
2025-11-13,288,4-17
2025-11-25,290,4-17
2025-11-25,289,3-30
2025-11-27,289,4-17
2025-12-01,285,4-17
2025-12-01,286,2-15
2025-12-01,289,3-30
2025-12-02,284,1-24
2025-12-02,285,4-15
2025-12-02,286,3-30
2025-12-02,289,4-17
2025-12-03,284,1-24
2025-12-03,285,2-15
2025-12-05,285,1-24
2025-12-05,289,4-15
2025-12-05,290,2-15
2025-12-08,284,4-17
2025-12-08,285,4-15
2025-12-10,286,3-30
2025-12-10,289,2-15
2025-12-11,284,2-15
2025-12-11,286,3-30
2025-12-12,286,3-30
2025-12-12,295,1-24
2025-12-15,289,13-11
2025-12-15,290,194-4
2025-12-16,289,3-24
2025-12-17,290,8-18
2025-12-19,290,3-29
2025-12-22,289,3-24
2025-12-30,289,3-24
2025-12-31,289,3-24
2026-01-02,284,1-31
2026-01-02,287,3-24
2026-01-12,289,8-18
2026-01-22,292,8-18
2026-01-22,293,1-41
2026-01-23,292,1-41
2026-02-12,292,1-41
2026-02-24,284,8-22
2026-02-24,286,1-31
2026-02-25,284,1-31
2026-02-25,287,8-22
2026-02-25,290,2-14
2026-02-26,290,1-31
2026-02-27,285,8-22
2026-02-27,287,13-11
2026-02-27,290,1-31
2026-03-02,290,1-31
2026-03-03,286,2-14
2026-03-03,290,1-31
2026-03-04,290,1-31
2026-03-05,287,2-14
2026-03-09,290,8-22
2026-03-09,288,11-10
2026-03-13,288,11-10
2026-03-13,290,8-22
2026-03-16,288,3-24
2026-03-16,290,8-18
2026-03-16,291,2-14
2026-03-17,291,11-10
2026-03-17,290,8-18
2026-03-18,291,8-22
2026-03-19,290,8-18
2026-03-19,291,1-31
2026-03-20,290,11-10
2026-03-20,291,1-31
2026-03-23,290,1-31
2026-03-23,291,2-14
2026-03-24,290,2-14
2026-03-25,291,11-10
2026-03-26,290,11-10
2026-03-26,291,3-24
2026-03-27,290,3-24
2026-03-27,291,2-14
2026-03-30,288,13-11
2026-03-30,290,3-24
2026-03-30,291,11-10
2026-03-30,642,2-14
2026-03-30,643,8-18
2026-03-31,290,8-22
2026-03-31,291,11-10
2026-03-31,288,3-24
2026-03-31,643,8-21
2026-03-31,284,4-13
2026-04-01,287,3-24
2026-04-01,291,2-14
2026-04-01,643,11-10
2026-04-02,290,74-9
2026-04-02,286,2-14
2026-04-02,644,74-12
2026-04-02,645,8-22
2026-04-02,646,4-19
2026-04-06,290,15-11
2026-04-06,291,3-24
2026-04-06,643,1-31
2026-04-06,644,4-13
2026-04-06,645,8-22
2026-04-06,646,8-18
2026-04-07,291,1-31
2026-04-07,642,15-11
2026-04-07,644,2-14
2026-04-07,645,8-22
2026-04-07,646,3-24
2026-04-08,286,15-11
2026-04-08,291,4-13
2026-04-08,644,11-10
2026-04-08,645,8-22
2026-04-08,646,2-14
2026-04-09,291,2-14
2026-04-09,645,11-10
2026-04-10,291,1-31
2026-04-10,644,8-22
2026-04-10,646,11-10
2026-04-13,644,14-7
2026-04-15,291,1-7
2026-04-15,642,14-7
2026-04-15,645,189-2
2026-04-16,289,185-2
2026-04-16,642,189-2
2026-04-16,644,1-7
2026-04-17,289,14-7
2026-04-17,291,1-7
2026-04-17,645,185-2
2026-04-17,646,9-2
2026-04-17,648,189-2
2026-04-20,641,9-2
2026-04-20,642,1-7
2026-04-20,644,185-2
2026-04-20,648,189-2
2026-04-21,289,9-2
2026-04-21,291,185-2
2026-04-21,645,189-2
2026-04-21,649,1-7
2026-04-22,291,8-12
2026-04-22,641,185-2
2026-04-22,643,10-6
2026-04-22,646,189-2
2026-04-22,648,1-7
2026-04-22,649,9-2
2026-04-23,642,10-6
2026-04-23,291,189-2
2026-04-23,641,6-6
2026-04-23,643,185-2
2026-04-23,645,1-7
2026-04-23,647,1-1
2026-04-24,642,8-12
2026-04-24,289,14-7
2026-04-24,641,6-6
2026-04-24,644,1-1
2026-04-24,645,10-6
2026-04-24,646,1-7
2026-04-24,648,185-2
2026-04-24,649,189-2
2026-04-27,287,17-14
2026-04-27,291,1-7
2026-04-27,641,185-2
2026-04-27,642,38-9
2026-04-27,643,1-1
2026-04-27,643,1-53
2026-04-27,644,10-6
2026-04-27,644,1-62
2026-04-27,645,7-14
2026-04-27,646,8-33
2026-04-27,647,9-16
2026-04-27,648,2-19
2026-04-27,649,1-55
2026-04-28,286,8-34
2026-04-28,287,8-19
2026-04-28,287,1-52
2026-04-28,289,1-6
2026-04-28,289,1-48
2026-04-28,291,1-5
2026-04-28,291,17-14
2026-04-28,293,1-55
2026-04-28,295,8-33
2026-04-28,298,1-42
2026-04-28,641,8-1
2026-04-28,641,2-19
2026-04-28,642,1-11
2026-04-28,642,1-43
2026-04-28,644,1-38
2026-04-28,644,8-30
2026-04-28,645,8-6
2026-04-28,645,7-14
2026-04-28,646,6-6
2026-04-28,646,38-9
2026-04-28,647,8-12
2026-04-28,647,11-12
2026-04-28,648,3-9
2026-04-28,648,14-11
2026-04-28,649,8-10
2026-04-28,649,8-31
2026-04-29,284,8-12
2026-04-29,284,14-11
2026-04-29,289,8-6
2026-04-29,289,11-12
2026-04-29,291,1-1
2026-04-29,291,1-42
2026-04-29,298,1-38
2026-04-29,641,185-2
2026-04-29,641,2-19
2026-04-29,642,1-5
2026-04-29,642,1-48
2026-04-29,643,8-30
2026-04-29,644,9-2
2026-04-29,644,38-9
2026-04-29,645,1-6
2026-04-29,645,8-25
2026-04-29,646,14-7
2026-04-29,646,1-53
2026-04-29,648,1-7
2026-04-29,648,17-14
2026-04-29,649,1-55
2026-04-29,651,8-1
2026-04-29,651,1-43
2026-04-30,289,1-6
2026-04-30,289,11-12
2026-04-30,291,6-6
2026-04-30,291,38-9
2026-04-30,292,8-10
2026-04-30,292,1-61
2026-04-30,298,1-7
2026-04-30,641,1-11
2026-04-30,641,14-11
2026-04-30,642,185-2
2026-04-30,643,1-5
2026-04-30,643,1-55
2026-04-30,645,1-20
2026-04-30,645,1-43
2026-04-30,646,8-6
2026-04-30,646,1-53
2026-04-30,647,1-1
2026-04-30,647,8-25
2026-04-30,648,8-12
2026-04-30,648,8-30
2026-04-30,649,1-42
2026-04-30,651,8-1
2026-04-30,651,2-19
2026-05-01,289,1-7
2026-05-01,291,8-10
2026-05-01,298,1-38
2026-05-01,298,8-34
2026-05-01,641,1-11
2026-05-01,641,2-19
2026-05-01,642,1-55
2026-05-01,643,9-2
2026-05-01,643,10-11
2026-05-01,644,8-1
2026-05-01,644,14-11
2026-05-01,645,1-5
2026-05-01,645,8-33
2026-05-01,646,1-6
2026-05-01,646,38-9
2026-05-01,648,8-6
2026-05-01,648,17-14
2026-05-01,649,189-2
2026-05-01,649,1-53
2026-05-01,651,185-2
2026-05-01,651,7-14
2026-05-01,655,1-1
2026-05-01,655,9-16
2026-05-04,289,1-53
2026-05-04,291,1-1
2026-05-04,291,14-11
2026-05-04,298,1-61
2026-05-04,641,8-6
2026-05-04,641,8-30
2026-05-04,642,7-3
2026-05-04,642,2-19
2026-05-04,643,1-38
2026-05-04,643,38-9
2026-05-04,644,1-30
2026-05-04,644,10-11
2026-05-04,646,10-3
2026-05-04,646,7-14
2026-05-04,647,1-42
2026-05-04,648,1-11
2026-05-04,648,1-43
2026-05-04,649,1-20
2026-05-04,649,1-53
2026-05-04,650,1-5
2026-05-04,651,1-6
2026-05-04,651,17-14
2026-05-04,655,9-2
2026-05-04,655,11-12
2026-05-05,289,1-30
2026-05-05,289,8-33
2026-05-05,291,1-5
2026-05-05,298,1-11
2026-05-05,298,1-53
2026-05-05,641,6-6
2026-05-05,641,38-9
2026-05-05,642,1-38
2026-05-05,642,8-34
2026-05-05,643,1-18
2026-05-05,644,8-12
2026-05-05,644,17-14
2026-05-05,645,8-7
2026-05-05,646,1-1
2026-05-05,646,14-11
2026-05-05,647,10-6
2026-05-05,647,7-14
2026-05-05,648,9-2
2026-05-05,648,1-55
2026-05-05,649,8-13
2026-05-05,655,1-6
2026-05-05,655,1-43