Date,Bus,Block ID
2026-05-14,656,1-23
2026-05-14,656,11-15
2026-05-14,655,10-6
2026-05-14,654,3-9
2026-05-14,654,1-53
2026-05-14,653,1-67
2026-05-14,652,7-3
2026-05-14,652,17-14
2026-05-14,650,2-19
2026-05-14,649,8-15
2026-05-14,649,9-16
2026-05-14,648,14-7
2026-05-14,647,6-6
2026-05-14,647,14-11
2026-05-14,646,1-11
2026-05-14,646,10-11
2026-05-14,645,1-30
2026-05-14,645,38-9
2026-05-14,644,185-2
2026-05-14,644,1-55
2026-05-14,643,9-2
2026-05-14,643,11-12
2026-05-14,642,1-1
2026-05-14,642,1-42
2026-05-14,641,8-12
2026-05-14,641,8-33
2026-05-14,298,1-7
2026-05-14,291,189-2
2026-05-14,291,7-14
2026-05-14,289,10-3
2026-05-14,289,1-43
2026-05-15,657,1-61
2026-05-15,656,8-17
2026-05-15,656,9-16
2026-05-15,654,1-7
2026-05-15,654,11-15
2026-05-15,653,2-19
2026-05-15,652,10-11
2026-05-15,650,185-2
2026-05-15,650,8-30
2026-05-15,649,1-67
2026-05-15,647,7-14
2026-05-15,646,10-3
2026-05-15,646,17-14
2026-05-15,645,8-9
2026-05-15,645,8-34
2026-05-15,644,1-11
2026-05-15,644,1-42
2026-05-15,643,11-12
2026-05-15,642,38-9
2026-05-15,641,1-32
2026-05-15,641,14-11
2026-05-15,291,7-3
2026-05-15,291,1-55
2026-05-15,289,1-1
2026-05-15,289,1-43
